region,gen_alpha_percent,gen_z_percent,adult_percent
Central,75.42720981129926,22.63102635848952,1.9417638302112061
East,58.092953927390646,40.11472563368668,1.7923204389226732
Islands,93.66666666666667,6.166666666666667,0.16666666666666669
North,60.79021610936505,37.380733125413975,1.829050765220978
Northeast,47.50555664467772,37.076886649540576,15.41755670578171
Other,85.37502292316155,11.85585916009536,2.769117916743077
South,81.44239765633388,16.399144132398728,2.15845821126739
West,72.62722336007238,23.592583644810198,3.7801929951174174
