region,enrolment_volatility
Central,37.72727712794578
East,29.293089091423138
Islands,0.780679121879845
North,43.86055447375682
Northeast,47.9497504786545
Other,7.527561375142576
South,8.748297229244647
West,31.791279464739613
