region,enrolment_share_percent
Central,10.98641904946224
East,23.203442720001945
Islands,0.01103813270116721
North,32.02418013349518
Northeast,7.225800825725913
Other,0.2006364587315493
South,14.39306275435997
West,11.955419925522039
