region,inequality_score
Central,1598.642857142857
East,42232.0
Islands,2.7066666666666666
North,39338.0
Northeast,14406.0
Other,2720.0
South,30980.0
West,43688.0
