region,ESI,behavioural_label
East,0.0032559150036893824,Steady Adopters
North,0.0028375994097722753,Steady Adopters
Northeast,0.002782473914047432,Steady Adopters
West,0.0022000136612440446,Steady Adopters
South,0.0010576637950475882,Steady Adopters
Central,0.0010117618979357422,Steady Adopters
Other,7.31827051023043e-05,Steady Adopters
Islands,2.3652265460223297e-06,Deadline-Driven
