region,district_concentration_index
Central,0.03747724757153933
East,0.03348371086286045
Islands,0.3383333333333333
North,0.022598448130363023
Northeast,0.07335534774538983
Other,0.2494039977993765
South,0.039597936510371134
West,0.067226683860087
