month,predicted_enrolment
Future_1,1271030.5555555555
Future_2,1404443.288888889
Future_3,1537856.0222222223
