region,enrolment_share,district_concentration,gen_alpha_risk,ESI
East,0.23203442720001943,0.03348371086286045,0.41907046072609355,0.0032559150036893824
North,0.3202418013349518,0.022598448130363023,0.3920978389063495,0.0028375994097722753
Northeast,0.07225800825725913,0.07335534774538983,0.5249444335532228,0.002782473914047432
West,0.11955419925522039,0.067226683860087,0.2737277663992762,0.0022000136612440446
South,0.1439306275435997,0.039597936510371134,0.18557602343666124,0.0010576637950475882
Central,0.1098641904946224,0.03747724757153933,0.24572790188700733,0.0010117618979357422
Other,0.002006364587315493,0.2494039977993765,0.1462497707683844,7.31827051023043e-05
Islands,0.0001103813270116721,0.3383333333333333,0.06333333333333335,2.3652265460223297e-06
