region,gen_alpha_share,gen_z_share,adult_share,behavioural_signature
Central,75.42720981129926,22.63102635848952,1.9417638302112061,Early-Inclusion Strong
East,58.092953927390646,40.11472563368668,1.7923204389226732,Early-Inclusion Strong
Islands,93.66666666666667,6.166666666666667,0.16666666666666669,Early-Inclusion Strong
North,60.79021610936505,37.380733125413975,1.829050765220978,Early-Inclusion Strong
Northeast,47.50555664467772,37.076886649540576,15.41755670578171,Early-Inclusion Strong
Other,85.37502292316155,11.85585916009536,2.769117916743077,Early-Inclusion Strong
South,81.44239765633388,16.399144132398728,2.15845821126739,Early-Inclusion Strong
West,72.62722336007238,23.592583644810198,3.7801929951174174,Early-Inclusion Strong
