region,total_enrolment,gen_alpha_share,gen_z_share,silent_under_service_flag
Central,597189,75.42720981129926,22.63102635848952,Normal
East,1261270,58.092953927390646,40.11472563368668,Normal
Islands,600,93.66666666666667,6.166666666666667,Normal
North,1740739,60.79021610936505,37.380733125413975,Normal
Northeast,392773,47.50555664467772,37.076886649540576,Normal
Other,10906,85.37502292316155,11.85585916009536,Normal
South,782364,81.44239765633388,16.399144132398728,Normal
West,649861,72.62722336007238,23.592583644810198,Normal
